,lam,stepsize,psnr,ssim
0,0.1,0.1,30.532025134664146,75.60567727593724
