,lam,stepsize,psnr,ssim
0,0.52,0.325,41.39231253834363,98.04478651520841
