,lam,stepsize,psnr,ssim
0,0.08,0.1,33.54265672257118,88.08855535222959
