,lam,stepsize,psnr,ssim
0,0.1,0.1,25.154468112922878,67.63512035972236
1,0.2,0.1,25.14591250570085,67.68251101998258
