,lam,stepsize,psnr,ssim
0,0.1,0.1,32.190990482147086,85.6207797886706
