,lam,psnr,ssim
0,0.1,25.18623112250009,75.1254965565046
1,1.3250000000000002,26.671509391662223,78.73733732743139
2,2.5500000000000003,24.73971432239066,73.41244056350581
