,lam,stepsize,psnr,ssim
0,0.1,0.325,24.54649789680974,65.99340914459664
