,lam,stepsize,psnr,ssim
0,0.05,0.1,25.900954290253754,68.14828127122406
