,stepsize,psnr,ssim
0,0.0,42.56811022785457,99.17152209242994
1,0.0,42.56811022785457,99.17152209242994
2,0.0,42.56811022785457,99.17152209242994
3,0.0,42.56811022785457,99.17152209242994
4,0.0,42.56811022785457,99.17152209242994
