,stepsize,psnr,ssim
0,0.01,28.82825898375396,96.21938683910284
