,lam,stepsize,psnr,ssim
0,0.1,0.1,30.50841463927794,73.72769755220084
