,stepsize,psnr,ssim
0,0.0,25.06430111420864,87.46981463911628
