,lam,stepsize,psnr,ssim
0,0.31,0.55,34.07272647554662,91.20807116851331
