,stepsize,psnr,ssim
0,0.0,33.57991822853006,88.27491369648313
