,lam,stepsize,psnr,ssim
0,,0.1,33.34679105661048,91.77996573572656
