,stepsize,psnr,ssim
0,0.0,33.56262036362604,88.25933956690936
