,stepsize,psnr,ssim
0,0.1,33.25510762653294,91.66844393812242
