,stepsize,psnr,ssim
0,0.1,30.829455824855966,84.28653280482789
