,stepsize,psnr,ssim
0,0.1,3.545560660419605,49.98252639526232
