,stepsize,psnr,ssim
0,0.0,43.4052260833922,99.28404604233738
