,stepsize,psnr,ssim
0,0.0,28.314950997144297,97.49339333130278
