,stepsize,psnr,ssim
0,0.1,34.38520922576128,94.86267432843773
1,0.325,34.38522092665727,94.8626191241567
