,stepsize,psnr,ssim
0,0.1,32.34314477723191,90.02231791206505
