,stepsize,psnr,ssim
0,0.0,33.51670530883791,88.17363921691856
