,stepsize,psnr,ssim
0,0.0,40.51159439264402,98.53836658134533
