,stepsize,psnr,ssim
0,0.0,43.16098913450102,99.25463245166264
