,stepsize,psnr,ssim
0,0.0,33.715169010341626,88.44202807866208
1,0.0,33.715169010341626,88.44202807866208
2,0.0,33.715169010341626,88.44202807866208
