,stepsize,psnr,ssim
0,0.0,33.54422552067059,88.24657089890006
