,stepsize,psnr,ssim
0,0.0,36.83926204710151,98.3963144495869
