,stepsize,psnr,ssim
0,0.01,26.775763570309643,89.85985918028196
