,stepsize,psnr,ssim
0,0.0,34.88381663840191,97.5637110336475
