,stepsize,psnr,ssim
0,0.0,33.50927878284971,88.16412468452592
