,stepsize,psnr,ssim
0,0.0,46.32160116326519,99.56432339203249
