,stepsize,psnr,ssim
0,0.0,33.53701747715827,88.23977730145153
