,stepsize,psnr,ssim
0,0.0,41.45749451814661,98.61248385462878
