,stepsize,psnr,ssim
0,0.0,26.969355813380115,96.74552111135795
