,stepsize,psnr,ssim
0,0.0,38.61379724740982,99.01819110860504
