,stepsize,psnr,ssim
0,0.0,37.42433806657791,98.75837340002079
